﻿{
  "DebugSeparateWindow": false,
  "MinimumSize": {
    "X": 900.0,
    "Y": 675.0
  },
  "Version": 7,
  "LastSeenVersion": 30,
  "ChangeLogDisplayType": 0,
  "EnableMods": true,
  "ModDirectory": "C:\\Users\\chris\\Documents\\FFXIV mods",
  "ExportDirectory": "",
  "HideUiInGPose": false,
  "HideUiInCutscenes": true,
  "HideUiWhenUiHidden": false,
  "UseDalamudUiTextureRedirection": true,
  "UseCharacterCollectionInMainWindow": true,
  "UseCharacterCollectionsInCards": true,
  "UseCharacterCollectionInInspect": true,
  "UseCharacterCollectionInTryOn": true,
  "UseOwnerNameForCharacterCollection": true,
  "UseNoModsInInspect": false,
  "HideChangedItemFilters": false,
  "HidePrioritiesInSelector": false,
  "HideRedrawBar": false,
  "OptionGroupCollapsibleMin": 5,
  "DebugMode": false,
  "TutorialStep": 20,
  "EnableResourceLogging": false,
  "ResourceLoggingFilter": "",
  "EnableResourceWatcher": false,
  "OnlyAddMatchingResources": true,
  "MaxResourceWatcherRecords": 1024,
  "ResourceWatcherResourceTypes": 4503599627370495,
  "ResourceWatcherResourceCategories": 16383,
  "ResourceWatcherRecordTypes": 15,
  "ScaleModSelector": false,
  "ModSelectorAbsoluteSize": 250.0,
  "ModSelectorScaledSize": 20,
  "OpenFoldersByDefault": false,
  "SingleGroupRadioMax": 2,
  "DefaultImportFolder": "",
  "QuickMoveFolder1": "",
  "QuickMoveFolder2": "",
  "QuickMoveFolder3": "",
  "DeleteModModifier": {
    "Modifier1": {
      "Modifier": 17
    },
    "Modifier2": {
      "Modifier": 16
    }
  },
  "CollectionPanel": 0,
  "SelectedTab": 2,
  "ChangedItemFilter": 114687,
  "PrintSuccessfulCommandsToChat": true,
  "FixMainWindow": false,
  "AutoDeduplicateOnImport": true,
  "UseFileSystemCompression": true,
  "EnableHttpApi": true,
  "DefaultModImportPath": "",
  "AlwaysOpenDefaultImport": false,
  "KeepDefaultMetaChanges": false,
  "DefaultModAuthor": "Unknown",
  "Colors": {
    "EnabledMod": 4294967295,
    "DisabledMod": 4285032576,
    "UndefinedMod": 4286611584,
    "InheritedMod": 4291887103,
    "InheritedDisabledMod": 4285038720,
    "NewMod": 4284931430,
    "ConflictingMod": 4289374975,
    "HandledConflictMod": 4291887056,
    "FolderExpanded": 4294963392,
    "FolderCollapsed": 4294963392,
    "FolderLine": 4294963392,
    "ItemId": 4286611584,
    "IncreasedMetaValue": 2147516416,
    "DecreasedMetaValue": 2147483776,
    "SelectedCollection": 1617543254,
    "RedundantAssignment": 1615909072,
    "NoModsAssignment": 1342177408,
    "NoAssignment": 0,
    "SelectorPriority": 4286611584,
    "InGameHighlight": 4293644169,
    "ResTreeLocalPlayer": 4294959264,
    "ResTreePlayer": 4290838464,
    "ResTreeNetworked": 4294967295,
    "ResTreeNonNetworked": 4290822399
  },
  "SortMode": "FoldersFirstT"
}